chr.exposure,pos.exposure,SNP,effect_allele.exposure,other_allele.exposure,beta.exposure,pval.exposure,se.exposure,samplesize.exposure,eaf.exposure,exposure,mr_keep.exposure,pval_origin.exposure,id.exposure
19,6744707,rs61757561,C,G,-0.3105,2.059e-10,0.048845,35369,0.0081,FCER2_CD23,TRUE,reported,FCER2_CD23
19,6919976,rs11668944,T,C,-0.0679,3.529e-10,0.010823,35375,0.19904,FCER2_CD23,TRUE,reported,FCER2_CD23
19,6979374,rs143257421,G,A,-0.2281,2.878e-08,0.041109,35375,0.01145,FCER2_CD23,TRUE,reported,FCER2_CD23
19,7012379,rs146961153,T,C,0.3059,4.449e-12,0.044192,35376,0.00984,FCER2_CD23,TRUE,reported,FCER2_CD23
19,7117476,rs11883325,T,C,0.0749,1.962e-10,0.011769,35372,0.15961,FCER2_CD23,TRUE,reported,FCER2_CD23
19,7148461,rs36145952,C,G,-0.129,1.348e-10,0.020088,35372,0.04924,FCER2_CD23,TRUE,reported,FCER2_CD23
19,7154553,rs190069627,C,T,0.3041,4.521e-08,0.055602,35372,0.00603,FCER2_CD23,TRUE,reported,FCER2_CD23
19,7197577,rs13344151,GGGGTGT,GGTGTGT,0.1947,3.097e-16,0.023833,35373,0.03484,FCER2_CD23,TRUE,reported,FCER2_CD23
19,7294347,rs2860190,C,G,-0.0876,2.422e-08,0.015702,35366,0.08186,FCER2_CD23,TRUE,reported,FCER2_CD23
19,7481394,rs62109844,T,G,-0.2305,3.112e-13,0.031621,35370,0.01802,FCER2_CD23,TRUE,reported,FCER2_CD23
19,7483334,rs35742254,T,C,0.1254,3.897e-11,0.018977,35369,0.05603,FCER2_CD23,TRUE,reported,FCER2_CD23
19,7605162,rs142949309,GTGTGTGTGTGTG,G,0.4807,1.736e-19,0.053241,35373,0.00605,FCER2_CD23,TRUE,reported,FCER2_CD23
19,7692010,rs113870866,G,A,0.2465,3.357e-139,0.009815,35369,0.28976,FCER2_CD23,TRUE,reported,FCER2_CD23
19,7696926,rs2277989,G,A,-0.2702,1e-200,0.00856,35372,0.44988,FCER2_CD23,TRUE,reported,FCER2_CD23
19,7699550,rs12980031,T,G,-0.2917,2.678e-187,0.009994,35371,0.24351,FCER2_CD23,TRUE,reported,FCER2_CD23
19,7699979,rs11672997,A,G,-0.1945,7.771e-53,0.012713,35371,0.13011,FCER2_CD23,TRUE,reported,FCER2_CD23
19,7739844,rs11465427,C,T,0.0528,1.227e-09,0.008689,35370,0.44368,FCER2_CD23,TRUE,reported,FCER2_CD23
19,7751330,rs8112260,A,C,0.27,1.022e-16,0.032521,35373,0.01786,FCER2_CD23,TRUE,reported,FCER2_CD23
19,7926794,rs7899,A,T,0.0582,6.187e-10,0.009409,35378,0.2995,FCER2_CD23,TRUE,reported,FCER2_CD23
19,7956550,rs113609597,A,G,0.1329,2.49e-08,0.023843,35378,0.03366,FCER2_CD23,TRUE,reported,FCER2_CD23
19,8086916,rs79284843,C,T,-0.0986,5.865e-13,0.013688,35377,0.11072,FCER2_CD23,TRUE,reported,FCER2_CD23
19,8152882,rs12150883,A,G,-0.0565,1.847e-10,0.008865,35376,0.38779,FCER2_CD23,TRUE,reported,FCER2_CD23
19,8182493,rs76293867,T,A,0.3349,2.033e-08,0.059706,35377,0.00514,FCER2_CD23,TRUE,reported,FCER2_CD23
19,8207912,rs201616578,AAAAAAAAAAA,AAAAAAAAAAT,0.1772,7.392e-17,0.021245,35375,0.04336,FCER2_CD23,TRUE,reported,FCER2_CD23
19,8616019,rs117674053,A,C,-0.168,7.42e-14,0.022459,35372,0.0392,FCER2_CD23,TRUE,reported,FCER2_CD23
19,8650805,rs2967723,G,T,-0.0609,3.556e-10,0.009709,35372,0.27032,FCER2_CD23,TRUE,reported,FCER2_CD23
